{"runs": 29, "TP_total": 12, "FP_total": 17, "FN_total": 16, "precision_global": 0.41379310344827586, "recall_global": 0.42857142857142855, "f1_global": 0.42105263157894735}